{
  "name": "angular-resource",
  "version": "1.2.27",
  "main": "./angular-resource.js",
  "ignore": [],
  "dependencies": {
    "angular": "1.2.27"
  },
  "homepage": "https://github.com/angular/bower-angular-resource",
  "_release": "1.2.27",
  "_resolution": {
    "type": "version",
    "tag": "v1.2.27",
    "commit": "8601447644222e1241185d8e6ae6f7b979b44d05"
  },
  "_source": "git://github.com/angular/bower-angular-resource.git",
  "_target": "~1.2",
  "_originalSource": "angular-resource"
}